census_id,CLSC_code,census_type
2401,11211,CD
2405,11112,CD
2406,11111,CD
2407,1181,CD
2408,1171,CD
2409,1161,CD
2410,1151,CD
2411,1141,CD
2412,1121,CD
2413,1131,CD
2414,1111,CD
2415,3142,CD
2416,3141,CD
2417,12152,CD
2418,12151,CD
2419,12114,CD
2420,3134,CD
2421,3134,CD
2427,12131,CD
2428,12141,CD
2429,12132,CD
2430,5191,CD
2431,12121,CD
2432,4182,CD
2433,12111,CD
2434,3111,CD
2435,4121,CD
2436,4141,CD
2438,4162,CD
2439,4181,CD
2440,5171,CD
2441,5181,CD
2442,5161,CD
2443,5151,CD
2444,5141,CD
2445,5131,CD
2447,5121,CD
2448,16223,CD
2449,4171,CD
2450,4161,CD
2452,14114,CD
2453,16231,CD
2454,16222,CD
2459,16213,CD
2460,14122,CD
2461,14113,CD
2462,14111,CD
2463,14112,CD
2464,14121,CD
2468,16343,CD
2469,16331,CD
2471,16311,CD
2472,15151,CD
2473,15171,CD
2475,15161,CD
2476,15141,CD
2477,15131,CD
2478,15121,CD
2479,15111,CD
2483,7121,CD
2484,7111,CD
2486,8131,CD
2487,8111,CD
2488,8121,CD
2489,8141,CD
2490,4111,CD
2491,2111,CD
2492,2121,CD
2496,9123,CD
2402010,11141,CSD
2402015,11141,CSD
2402028,11141,CSD
2402047,11141,CSD
2402902,11141,CSD
2403005,11132,CSD
2403010,11131,CSD
2403015,11131,CSD
2403020,11131,CSD
2403025,11133,CSD
2403902,11132,CSD
2403904,11132,CSD
2404005,11131,CSD
2404010,11121,CSD
2404015,11121,CSD
2404020,11121,CSD
2404025,11121,CSD
2404030,11121,CSD
2404037,11121,CSD
2404047,11121,CSD
2404902,11121,CSD
2404904,11121,CSD
2422005,3131,CSD
2422010,3131,CSD
2422015,3131,CSD
2422020,3131,CSD
2422025,3131,CSD
2422030,3132,CSD
2422035,3132,CSD
2422040,3132,CSD
2422045,3133,CSD
2422902,3132,CSD
2423015,3125,CSD
2423057,3121,CSD
2423072,3121,CSD
2423802,3131,CSD
2426005,12115,CSD
2426010,12115,CSD
2426015,12115,CSD
2426022,12115,CSD
2426030,12115,CSD
2426035,12115,CSD
2426040,12115,CSD
2426048,12115,CSD
2426055,12115,CSD
2426063,12115,CSD
2426070,12112,CSD
2437205,4122,CSD
2437210,4122,CSD
2437215,4122,CSD
2437220,4122,CSD
2437225,4122,CSD
2437230,4122,CSD
2437235,4141,CSD
2437240,4122,CSD
2437245,4122,CSD
2437250,4122,CSD
2446005,5111,CSD
2446010,5111,CSD
2446017,5111,CSD
2446025,5111,CSD
2446030,5111,CSD
2446035,5111,CSD
2446040,5111,CSD
2446045,5111,CSD
2446050,5111,CSD
2446058,5111,CSD
2446065,5111,CSD
2446070,5111,CSD
2446075,5111,CSD
2446078,5121,CSD
2446080,5111,CSD
2446085,5111,CSD
2446090,5111,CSD
2446095,5111,CSD
2446100,5111,CSD
2446105,5111,CSD
2446112,5111,CSD
2451008,4131,CSD
2451015,4131,CSD
2451020,4131,CSD
2451025,4131,CSD
2451030,4131,CSD
2451035,4131,CSD
2451040,4131,CSD
2451045,4131,CSD
2451050,4131,CSD
2451055,4131,CSD
2451060,4131,CSD
2451065,4131,CSD
2451070,4141,CSD
2451075,4141,CSD
2451080,4141,CSD
2451085,4141,CSD
2451090,4151,CSD
2455008,5111,CSD
2455015,5121,CSD
2455023,16121,CSD
2455030,16121,CSD
2455037,16121,CSD
2455048,16121,CSD
2455057,16121,CSD
2455065,16121,CSD
2456005,16122,CSD
2456010,16122,CSD
2456015,16122,CSD
2456023,16122,CSD
2456030,16122,CSD
2456035,16122,CSD
2456042,16122,CSD
2456050,16122,CSD
2456055,16122,CSD
2456060,16122,CSD
2456065,16122,CSD
2456083,16122,CSD
2456097,16122,CSD
2456105,5111,CSD
2457005,16121,CSD
2457010,16121,CSD
2457020,16221,CSD
2457025,16221,CSD
2457030,16221,CSD
2457033,16221,CSD
2457035,16221,CSD
2457040,16221,CSD
2457045,16221,CSD
2457050,16221,CSD
2457057,16221,CSD
2457068,16221,CSD
2457075,16221,CSD
2458007,16111,CSD
2458012,16111,CSD
2458033,16213,CSD
2458037,16221,CSD
2466007,6523,CSD
2466032,6225,CSD
2466047,6212,CSD
2466058,6211,CSD
2466062,6211,CSD
2466072,6222,CSD
2466087,6121,CSD
2466092,6121,CSD
2466097,6111,CSD
2466102,6111,CSD
2466107,6111,CSD
2466112,6111,CSD
2466117,6111,CSD
2466127,6111,CSD
2466142,6113,CSD
2467005,16342,CSD
2467010,16342,CSD
2467015,16342,CSD
2467020,16342,CSD
2467025,16342,CSD
2467030,16342,CSD
2467035,16342,CSD
2467040,16341,CSD
2467045,16341,CSD
2467050,16341,CSD
2467055,16341,CSD
2467802,16341,CSD
2470005,16341,CSD
2470012,16341,CSD
2470022,16321,CSD
2470030,16321,CSD
2470035,16321,CSD
2470040,16321,CSD
2470052,16321,CSD
2480005,7152,CSD
2480010,7152,CSD
2480015,7152,CSD
2480020,7152,CSD
2480027,7152,CSD
2480037,7152,CSD
2480045,7152,CSD
2480050,7151,CSD
2480055,7151,CSD
2480060,7151,CSD
2480065,7151,CSD
2480070,7152,CSD
2480078,7152,CSD
2480085,7151,CSD
2480090,7152,CSD
2480095,7152,CSD
2480103,7152,CSD
2480110,7152,CSD
2480115,7152,CSD
2480125,7152,CSD
2480130,7152,CSD
2480135,7152,CSD
2480140,7151,CSD
2480145,7151,CSD
2482005,7151,CSD
2482010,7151,CSD
2482020,7131,CSD
2482025,7131,CSD
2482030,7111,CSD
2482035,7131,CSD
2485005,8152,CSD
2485010,8152,CSD
2485015,8151,CSD
2485020,8151,CSD
2485025,8151,CSD
2485030,8151,CSD
2485037,8151,CSD
2485045,8151,CSD
2485050,8151,CSD
2485055,8151,CSD
2485060,8151,CSD
2485065,8151,CSD
2485070,8151,CSD
2485075,8151,CSD
2485080,8151,CSD
2485085,8151,CSD
2485090,8151,CSD
2485095,8151,CSD
2485100,8151,CSD
2485105,8151,CSD
2485802,8152,CSD
2485803,8151,CSD
2485804,8151,CSD
2485806,8151,CSD
2485905,8151,CSD
2485907,8151,CSD
2493005,2131,CSD
2493012,2131,CSD
2493020,2131,CSD
2493025,2131,CSD
2493030,2131,CSD
2493035,2131,CSD
2493042,2131,CSD
2493045,2131,CSD
2493055,2131,CSD
2493060,2131,CSD
2493065,2131,CSD
2493070,2131,CSD
2493075,2131,CSD
2493080,2121,CSD
2493902,2131,CSD
2493904,2131,CSD
2493906,2131,CSD
2493908,2131,CSD
2494205,2161,CSD
2494210,2161,CSD
2494215,2161,CSD
2494220,2161,CSD
2494225,2161,CSD
2494230,2151,CSD
2494235,2151,CSD
2494240,2151,CSD
2494245,2151,CSD
2494250,2141,CSD
2494255,2141,CSD
2494260,2141,CSD
2494265,2141,CSD
2494926,2161,CSD
2494928,2141,CSD
2494930,2151,CSD
2495005,9121,CSD
2495010,9121,CSD
2495018,9121,CSD
2495025,9121,CSD
2495032,9122,CSD
2495040,9122,CSD
2495045,9122,CSD
2495050,9122,CSD
2495802,9121,CSD
2495902,9122,CSD
2497022,9131,CSD
2497035,9111,CSD
2497040,9111,CSD
2497802,9141,CSD
2497804,9141,CSD
2497806,9171,CSD
2497808,9111,CSD
2497810,9111,CSD
2497902,9131,CSD
2497904,9131,CSD
2497906,9111,CSD
2497908,9111,CSD
2497912,9111,CSD
2497914,9111,CSD
2498005,9161,CSD
2498010,9161,CSD
2498012,9161,CSD
2498014,9161,CSD
2498015,9161,CSD
2498020,9151,CSD
2498025,9151,CSD
2498030,9151,CSD
2498035,9151,CSD
2498040,9151,CSD
2498045,9151,CSD
2498050,9151,CSD
2498055,9151,CSD
2498802,9161,CSD
2498804,9161,CSD
2498806,9151,CSD
2498808,9151,CSD
2498904,9151,CSD
2498912,9151,CSD
2499005,10013,CSD
2499010,18011,CSD
2499015,10012,CSD
2499020,10014,CSD
2499025,10014,CSD
2499030,18011,CSD
2499035,18011,CSD
2499040,18011,CSD
2499045,18011,CSD
2499050,18011,CSD
2499055,18011,CSD
2499060,10011,CSD
2499065,9171,CSD
2499070,18011,CSD
2499075,17011,CSD
2499080,17011,CSD
2499085,17011,CSD
2499090,17012,CSD
2499095,17012,CSD
2499100,17012,CSD
2499105,17012,CSD
2499110,17012,CSD
2499115,17012,CSD
2499120,17011,CSD
2499125,17011,CSD
2499130,17012,CSD
2499135,17011,CSD
2499140,17011,CSD
2499804,18011,CSD
2499806,18011,CSD
2499808,18011,CSD
2499810,18011,CSD
2499812,18011,CSD
2499814,18011,CSD
2499816,18011,CSD
2499818,18011,CSD
2499877,17011,CSD
2499878,17011,CSD
2499879,17011,CSD
2499883,17011,CSD
2499887,17011,CSD
2499888,17012,CSD
2499889,17012,CSD
2499890,17012,CSD
2499891,17012,CSD
2499892,17012,CSD
2499893,17012,CSD
2499894,17012,CSD
2499895,17011,CSD
2499902,17012,CSD
2499904,17011,CSD
4080001,2151,CT
4080002.01,2151,CT
4080002.02,2151,CT
4080003.01,2151,CT
4080003.02,2151,CT
4080004,2151,CT
4080005,2151,CT
4080006,2151,CT
4080007,2151,CT
4080008,2151,CT
4080100,2141,CT
4080101,2141,CT
4080102,2141,CT
4080103,2141,CT
4080104,2141,CT
4080105,2141,CT
4080106,2141,CT
4080107.02,2141,CT
4080107.03,2141,CT
4080107.04,2141,CT
4080108,2141,CT
4080109,2141,CT
4080110,2141,CT
4080111.04,2141,CT
4080120.01,2141,CT
4080120.04,2151,CT
4080120.05,2151,CT
4080130,2151,CT
4080131,2151,CT
4080132,2151,CT
4080133,2151,CT
4080140,2151,CT
4080150,2151,CT
4080160,2161,CT
4080161,2161,CT
4080162,2161,CT
4080163,2161,CT
4210001.01,3124,CT
4210001.02,3124,CT
4210002,3125,CT
4210003,3124,CT
4210004,3125,CT
4210005,3124,CT
4210006,3124,CT
4210007,3125,CT
4210008,3125,CT
4210009,3125,CT
4210010,3125,CT
4210011,3125,CT
4210012,3125,CT
4210013,3125,CT
4210014,3124,CT
4210015,3124,CT
4210016,3124,CT
4210017,3124,CT
4210018,3124,CT
4210019,3124,CT
4210020,3125,CT
4210021,3125,CT
4210022,3125,CT
4210023,3125,CT
4210024,3125,CT
4210025,3125,CT
4210026,3126,CT
4210027,3126,CT
4210028,3126,CT
4210029,3126,CT
4210030,3126,CT
4210031,3126,CT
4210033.01,3126,CT
4210033.02,3126,CT
4210034,3126,CT
4210035,3126,CT
4210036,3126,CT
4210037,3126,CT
4210038.01,3126,CT
4210038.02,3126,CT
4210039.02,3122,CT
4210040.01,3122,CT
4210040.03,3122,CT
4210041.02,3122,CT
4210041.03,3131,CT
4210041.04,3131,CT
4210041.05,3131,CT
4210041.06,3131,CT
4210041.07,3131,CT
4210041.08,3131,CT
4210100,3123,CT
4210101,3123,CT
4210102,3123,CT
4210103,3123,CT
4210110,3123,CT
4210111,3123,CT
4210112.01,3123,CT
4210112.02,3123,CT
4210113.01,3123,CT
4210113.02,3123,CT
4210114,3123,CT
4210115,3123,CT
4210116,3123,CT
4210117.01,3123,CT
4210117.02,3123,CT
4210118,3123,CT
4210119.02,3121,CT
4210119.04,3121,CT
4210120.01,3121,CT
4210120.02,3121,CT
4210120.03,3121,CT
4210160.01,3131,CT
4210160.03,3131,CT
4210160.05,3131,CT
4210170.03,3131,CT
4210170.04,3131,CT
4210170.05,3131,CT
4210170.06,3131,CT
4210170.07,3131,CT
4210210.01,3132,CT
4210210.02,3132,CT
4210220.01,3132,CT
4210220.02,3132,CT
4210230.01,3131,CT
4210230.02,3131,CT
4210240.02,3122,CT
4210260.01,3126,CT
4210260.02,3126,CT
4210260.03,3126,CT
4210270.03,3132,CT
4210270.04,3132,CT
4210271.01,3132,CT
4210271.02,3132,CT
4210272,3132,CT
4210273.01,3132,CT
4210273.02,3132,CT
4210273.03,3132,CT
4210273.04,3132,CT
4210280.01,3132,CT
4210280.02,3132,CT
4210280.03,3132,CT
4210290.01,3132,CT
4210290.03,3132,CT
4210290.04,3132,CT
4210300,3133,CT
4210310,3133,CT
4210311.01,3133,CT
4210311.02,3133,CT
4210320.01,3133,CT
4210320.02,3133,CT
4210320.03,3133,CT
4210320.04,3133,CT
4210320.05,3133,CT
4210320.07,3133,CT
4210320.08,3133,CT
4210330,3133,CT
4210340.01,3133,CT
4210340.02,3133,CT
4210340.03,3133,CT
4210360.01,3133,CT
4210360.02,3133,CT
4210800.01,12113,CT
4210800.02,12113,CT
4210801,12113,CT
4210802,12113,CT
4210810,12113,CT
4210811,12113,CT
4210812,12113,CT
4210820.01,12113,CT
4210820.03,12113,CT
4210825,12113,CT
4210830.01,12112,CT
4210830.02,12112,CT
4210835.03,12112,CT
4210835.04,12112,CT
4210835.05,12112,CT
4210835.06,12112,CT
4210835.07,12112,CT
4210840.01,12112,CT
4210840.02,12112,CT
4210845.03,12112,CT
4210845.04,12112,CT
4210845.06,12112,CT
4210846.02,12112,CT
4210846.03,12112,CT
4210846.04,12112,CT
4210850.02,12112,CT
4210850.03,12112,CT
4210850.04,12112,CT
4210850.05,12112,CT
4420001,4151,CT
4420002,4151,CT
4420003,4151,CT
4420004,4151,CT
4420005,4151,CT
4420006,4151,CT
4420007,4151,CT
4420008,4151,CT
4420009,4151,CT
4420010,4151,CT
4420011,4151,CT
4420012.01,4151,CT
4420012.02,4151,CT
4420013.01,4151,CT
4420013.02,4151,CT
4420013.03,4151,CT
4420100.01,4151,CT
4420100.02,4151,CT
4420101.02,4151,CT
4420101.03,4151,CT
4420101.04,4151,CT
4420102,4151,CT
4420200,4152,CT
4420201,4152,CT
4420202,4152,CT
4420203,4152,CT
4420204,4152,CT
4420205.01,4152,CT
4420205.02,4152,CT
4420205.03,4152,CT
4420210,4152,CT
4420211,4152,CT
4620001,6524,CT
4620002,6524,CT
4620003,6524,CT
4620004,6524,CT
4620005,6524,CT
4620006,6524,CT
4620007,6524,CT
4620008,6524,CT
4620009,6532,CT
4620010,6532,CT
4620011,6532,CT
4620012.01,6532,CT
4620012.02,6532,CT
4620013,6532,CT
4620014.01,6533,CT
4620014.02,6533,CT
4620015,6533,CT
4620016,6533,CT
4620017,6533,CT
4620018,6533,CT
4620019,6533,CT
4620021,6533,CT
4620022,6533,CT
4620023,6533,CT
4620024,6533,CT
4620025,6533,CT
4620026,6533,CT
4620027,6533,CT
4620028,6533,CT
4620029,6533,CT
4620030,6533,CT
4620031,6533,CT
4620032,6323,CT
4620033,6323,CT
4620034,6323,CT
4620035,6323,CT
4620036,6323,CT
4620037,6323,CT
4620038,6323,CT
4620039,6323,CT
4620040,6311,CT
4620041,6323,CT
4620042,6323,CT
4620043,6323,CT
4620044,6323,CT
4620045,6323,CT
4620046,6323,CT
4620047,6323,CT
4620048,6323,CT
4620049,6323,CT
4620050,6323,CT
4620051,6323,CT
4620052,6323,CT
4620053,6323,CT
4620054,6323,CT
4620055.01,6324,CT
4620055.02,6311,CT
4620056,6324,CT
4620057,6324,CT
4620058,6324,CT
4620059,6324,CT
4620060,6324,CT
4620061,6324,CT
4620062,6324,CT
4620063,6225,CT
4620064,6225,CT
4620065.01,6225,CT
4620065.02,6225,CT
4620066.01,6225,CT
4620066.02,6225,CT
4620067,6311,CT
4620068,6311,CT
4620069.01,6311,CT
4620069.02,6311,CT
4620070.01,6311,CT
4620070.02,6311,CT
4620071,6314,CT
4620072,6314,CT
4620073,6314,CT
4620074,6314,CT
4620075,6314,CT
4620076,6314,CT
4620077,6311,CT
4620078,6311,CT
4620079,6311,CT
4620080,6311,CT
4620081,6311,CT
4620082,6311,CT
4620083,6311,CT
4620084,6311,CT
4620085,6312,CT
4620086,6312,CT
4620087,6312,CT
4620088,6312,CT
4620089,6312,CT
4620090,6312,CT
4620091,6312,CT
4620092,6312,CT
4620093,6312,CT
4620094.01,6212,CT
4620094.02,6311,CT
4620095,6212,CT
4620096,6212,CT
4620097.01,6212,CT
4620097.02,6212,CT
4620098,6212,CT
4620099,6212,CT
4620100.01,6212,CT
4620100.02,6212,CT
4620101.01,6212,CT
4620101.02,6212,CT
4620102,6212,CT
4620103,6212,CT
4620104,6212,CT
4620105,6212,CT
4620106,6212,CT
4620107,6212,CT
4620108,6212,CT
4620109,6223,CT
4620110,6211,CT
4620111,6211,CT
4620112.01,6223,CT
4620112.02,6223,CT
4620113,6223,CT
4620114,6223,CT
4620115.01,6223,CT
4620115.02,6224,CT
4620120.01,6223,CT
4620121,6222,CT
4620122,6224,CT
4620123,6224,CT
4620124,6224,CT
4620125,6224,CT
4620126,6224,CT
4620127.01,6224,CT
4620127.02,6224,CT
4620128,6225,CT
4620129.01,6225,CT
4620129.02,6225,CT
4620130,6225,CT
4620131,6225,CT
4620132,6225,CT
4620133,6321,CT
4620134,6321,CT
4620135,6321,CT
4620136,6321,CT
4620137,6321,CT
4620138,6321,CT
4620139,6321,CT
4620140,6322,CT
4620141,6322,CT
4620142,6322,CT
4620143,6322,CT
4620144,6322,CT
4620145,6322,CT
4620146,6322,CT
4620147,6322,CT
4620148,6322,CT
4620149,6322,CT
4620150,6322,CT
4620151,6322,CT
4620152,6322,CT
4620153,6322,CT
4620154,6322,CT
4620155,6322,CT
4620156,6322,CT
4620157,6322,CT
4620158,6322,CT
4620159,6322,CT
4620160,6322,CT
4620161,6321,CT
4620162,6321,CT
4620163,6321,CT
4620164,6321,CT
4620165,6321,CT
4620166,6321,CT
4620167,6321,CT
4620168,6321,CT
4620169,6321,CT
4620170,6321,CT
4620171,6321,CT
4620172,6322,CT
4620173,6322,CT
4620174,6322,CT
4620175,6322,CT
4620176,6322,CT
4620177,6322,CT
4620178,6322,CT
4620179,6432,CT
4620180,6531,CT
4620181,6531,CT
4620182,6531,CT
4620183,6531,CT
4620184,6531,CT
4620185,6531,CT
4620186,6531,CT
4620187.03,6531,CT
4620187.04,6531,CT
4620188.01,6531,CT
4620188.02,6531,CT
4620189,6531,CT
4620190.01,6532,CT
4620190.02,6531,CT
4620191,6532,CT
4620192,6524,CT
4620193,6524,CT
4620194,6524,CT
4620195.01,6531,CT
4620195.02,6532,CT
4620195.03,6532,CT
4620196,6531,CT
4620197,6531,CT
4620198,6531,CT
4620199,6531,CT
4620200,6531,CT
4620201,6531,CT
4620202,6531,CT
4620203,6531,CT
4620204,6531,CT
4620205,6432,CT
4620206,6432,CT
4620207,6432,CT
4620208,6432,CT
4620210,6432,CT
4620211,6432,CT
4620212,6432,CT
4620213,6432,CT
4620214,6432,CT
4620215,6432,CT
4620216,6432,CT
4620217,6432,CT
4620218,6432,CT
4620219,6432,CT
4620220,6221,CT
4620221,6221,CT
4620222,6221,CT
4620223.01,6221,CT
4620223.02,6221,CT
4620224,6221,CT
4620225,6431,CT
4620226,6431,CT
4620227,6431,CT
4620228,6431,CT
4620229,6431,CT
4620230,6431,CT
4620231,6431,CT
4620232,6431,CT
4620233,6431,CT
4620234,6431,CT
4620235,6431,CT
4620236,6431,CT
4620237,6431,CT
4620238,6431,CT
4620239,6431,CT
4620240,6431,CT
4620241,6431,CT
4620242,6431,CT
4620243,6431,CT
4620244,6431,CT
4620245,6431,CT
4620249,6431,CT
4620250,6511,CT
4620251.01,6511,CT
4620251.02,6511,CT
4620252,6511,CT
4620253,6511,CT
4620254,6511,CT
4620256,6511,CT
4620257,6511,CT
4620258,6511,CT
4620259,6511,CT
4620260,6511,CT
4620261,6511,CT
4620262,6511,CT
4620263,6511,CT
4620264.01,6421,CT
4620264.02,6421,CT
4620265,6421,CT
4620266,6421,CT
4620267,6421,CT
4620268.01,6411,CT
4620268.02,6411,CT
4620268.03,6411,CT
4620269,6421,CT
4620270,6421,CT
4620271,6421,CT
4620272,6421,CT
4620273,6421,CT
4620274,6421,CT
4620275,6421,CT
4620276,6421,CT
4620277,6421,CT
4620278,6421,CT
4620279,6421,CT
4620280,6421,CT
4620281,6421,CT
4620283.01,6411,CT
4620283.02,6411,CT
4620284,6411,CT
4620285,6411,CT
4620286,6411,CT
4620287.01,6411,CT
4620287.02,6411,CT
4620288,6411,CT
4620290.01,6521,CT
4620290.02,6521,CT
4620290.03,6521,CT
4620290.04,6521,CT
4620290.05,6521,CT
4620290.06,6521,CT
4620290.07,6521,CT
4620290.08,6521,CT
4620290.09,6521,CT
4620291.01,6521,CT
4620291.03,6521,CT
4620291.04,6521,CT
4620300,6313,CT
4620301,6313,CT
4620302,6313,CT
4620303,6313,CT
4620304,6313,CT
4620305,6313,CT
4620306,6313,CT
4620307,6313,CT
4620308,6313,CT
4620309,6313,CT
4620310,6313,CT
4620311,6313,CT
4620312,6313,CT
4620313,6313,CT
4620314,6313,CT
4620315,6313,CT
4620316,6313,CT
4620317.02,6313,CT
4620317.03,6313,CT
4620317.04,6313,CT
4620320,6122,CT
4620321,6122,CT
4620322.02,6122,CT
4620322.03,6122,CT
4620322.04,6122,CT
4620323,6122,CT
4620324.01,6122,CT
4620324.02,6122,CT
4620325.01,6122,CT
4620325.02,6122,CT
4620325.03,6122,CT
4620325.05,6122,CT
4620325.06,6122,CT
4620326.01,6122,CT
4620326.02,6122,CT
4620326.03,6122,CT
4620327,6122,CT
4620328,6122,CT
4620329,6122,CT
4620330,6121,CT
4620360,6222,CT
4620361,6222,CT
4620362,6222,CT
4620363,6222,CT
4620364,6222,CT
4620365,6222,CT
4620366,6222,CT
4620367,6222,CT
4620390,6121,CT
4620391,6121,CT
4620392,6121,CT
4620393,6121,CT
4620394,6121,CT
4620395.01,6121,CT
4620395.02,6121,CT
4620395.03,6121,CT
4620396,6121,CT
4620397,6121,CT
4620410.01,6412,CT
4620410.02,6412,CT
4620410.03,6412,CT
4620412,6412,CT
4620413.01,6412,CT
4620413.02,6412,CT
4620415.03,6412,CT
4620415.04,6412,CT
4620415.05,6412,CT
4620415.06,6412,CT
4620416.01,6411,CT
4620416.02,6412,CT
4620417.01,6412,CT
4620417.02,6412,CT
4620418,6412,CT
4620419,6412,CT
4620420,6412,CT
4620421.01,6412,CT
4620421.02,6412,CT
4620511.01,6112,CT
4620511.02,6112,CT
4620512.02,6112,CT
4620512.03,6112,CT
4620512.04,6112,CT
4620513.01,6112,CT
4620513.02,6112,CT
4620514.01,6112,CT
4620514.02,6112,CT
4620515.01,6112,CT
4620515.02,6112,CT
4620515.03,6112,CT
4620515.04,6112,CT
4620530,6112,CT
4620540,6112,CT
4620550.02,6112,CT
4620550.03,6112,CT
4620550.04,6112,CT
4620580.01,6523,CT
4620580.02,6523,CT
4620580.03,6523,CT
4620581.01,6523,CT
4620581.02,6523,CT
4620582.01,6523,CT
4620582.02,6523,CT
4620583,6523,CT
4620584,6523,CT
4620585.01,6523,CT
4620585.02,6523,CT
4620590.01,6522,CT
4620590.02,6522,CT
4620591.01,6522,CT
4620591.02,6522,CT
4620592,6522,CT
4620593.01,6522,CT
4620593.02,6522,CT
4620594.01,6522,CT
4620594.02,6522,CT
4620600.01,6512,CT
4620600.02,6512,CT
4620600.03,6512,CT
4620601.01,6512,CT
4620601.02,6512,CT
4620602.01,6512,CT
4620602.02,6512,CT
4620603.01,6512,CT
4620603.02,6512,CT
4620603.03,6512,CT
4620604.01,6512,CT
4620604.02,6512,CT
4620604.03,6512,CT
4620604.04,6512,CT
4620604.05,6512,CT
4620605.01,6512,CT
4620605.02,6512,CT
4620605.03,6512,CT
4620605.04,6512,CT
4620605.05,6512,CT
4620610.01,6422,CT
4620610.02,6422,CT
4620610.03,6422,CT
4620610.04,6422,CT
4620610.05,6422,CT
4620610.06,6422,CT
4620610.07,6422,CT
4620611.01,6422,CT
4620611.02,6422,CT
4620612,6422,CT
4620613,6422,CT
4620614,6422,CT
4620615,6422,CT
4620616,6422,CT
4620617.01,6422,CT
4620617.02,6422,CT
4620618,6422,CT
4620619,6422,CT
4620625.01,13112,CT
4620625.02,13112,CT
4620626,13112,CT
4620627,13112,CT
4620628.01,13112,CT
4620628.02,13112,CT
4620629,13112,CT
4620630.01,13112,CT
4620630.02,13112,CT
4620632.01,13113,CT
4620632.02,13113,CT
4620632.03,13113,CT
4620632.04,13113,CT
4620633,13113,CT
4620634,13113,CT
4620635,13113,CT
4620636,13113,CT
4620637.01,13113,CT
4620637.02,13113,CT
4620638.01,13113,CT
4620638.02,13113,CT
4620638.03,13113,CT
4620638.04,13113,CT
4620639,13113,CT
4620640,13113,CT
4620641.01,13113,CT
4620641.02,13113,CT
4620643.01,13111,CT
4620643.02,13114,CT
4620643.03,13114,CT
4620644,13114,CT
4620645,13114,CT
4620646.01,13114,CT
4620646.02,13114,CT
4620646.03,13114,CT
4620647.01,13114,CT
4620647.02,13114,CT
4620648,13114,CT
4620649.01,13114,CT
4620649.02,13114,CT
4620650.01,13114,CT
4620650.02,13114,CT
4620650.04,13114,CT
4620650.05,13114,CT
4620651.01,13114,CT
4620652.01,13114,CT
4620652.04,13114,CT
4620652.06,13114,CT
4620652.07,13114,CT
4620652.08,13114,CT
4620652.09,13114,CT
4620653,13114,CT
4620654,13111,CT
4620655.01,13111,CT
4620655.02,13111,CT
4620656.01,13111,CT
4620656.03,13111,CT
4620656.04,13111,CT
4620657.01,13111,CT
4620657.02,13111,CT
4620657.03,13111,CT
4620658.01,13111,CT
4620658.02,13111,CT
4620658.03,13111,CT
4620659.04,13111,CT
4620659.05,13111,CT
4620659.06,13111,CT
4620659.08,13111,CT
4620659.09,13111,CT
4620659.1,13111,CT
4620659.11,13111,CT
4620660.01,13111,CT
4620660.02,13111,CT
4620660.03,13111,CT
4620661.01,13111,CT
4620661.04,13111,CT
4620662,13112,CT
4620733.01,15151,CT
4620734.03,15151,CT
4620734.04,15151,CT
4620734.05,15161,CT
4620734.06,15161,CT
4620735.01,15161,CT
4620735.02,15161,CT
4620856,16112,CT
4620857.01,16112,CT
4620857.02,16112,CT
4620857.06,16112,CT
4620857.07,16112,CT
4620857.08,16112,CT
4620857.09,16112,CT
4620857.1,16112,CT
4620857.11,16112,CT
4620857.12,16112,CT
4620858.01,16112,CT
4620858.02,16112,CT
4620858.04,16112,CT
4620858.05,16112,CT
4620860.01,16111,CT
4620860.02,16111,CT
4620861,16111,CT
4620865,16111,CT
4620866,16111,CT
4620867,16112,CT
4620868.01,16112,CT
4620868.02,16112,CT
4620869,16211,CT
4620870.01,16211,CT
4620870.02,16211,CT
4620871.01,16211,CT
4620871.02,16211,CT
4620872,16211,CT
4620873.01,16211,CT
4620873.02,16211,CT
4620874,16212,CT
4620875,16212,CT
4620876.01,16212,CT
4620876.04,16212,CT
4620876.05,16212,CT
4620876.06,16212,CT
4620876.07,16212,CT
4620877.01,16212,CT
4620877.02,16212,CT
4620878,16212,CT
4620879.01,16211,CT
4620879.02,16211,CT
4620880,16211,CT
4620881.01,16211,CT
4620881.02,16211,CT
4620882,16211,CT
4620883,16211,CT
4620884.01,16211,CT
4620884.02,16211,CT
4620885,16212,CT
4620886.01,16212,CT
4620886.02,16212,CT
4620886.03,16212,CT
5050500,7142,CT
5050501,7142,CT
5050502,7142,CT
5050503,7142,CT
5050504.01,7142,CT
5050504.03,7142,CT
5050504.04,7142,CT
5050504.05,7142,CT
5050505,7142,CT
5050506,7142,CT
5050507,7142,CT
5050508,7142,CT
5050509,7142,CT
5050510.01,7142,CT
5050510.02,7142,CT
5050511.01,7142,CT
5050511.02,7142,CT
5050600,7143,CT
5050601.01,7143,CT
5050601.02,7143,CT
5050601.03,7143,CT
5050602.01,7143,CT
5050602.02,7143,CT
5050602.03,7143,CT
5050610.01,7143,CT
5050610.02,7143,CT
5050611,7143,CT
5050612.01,7143,CT
5050612.02,7143,CT
5050613.01,7143,CT
5050613.03,7143,CT
5050613.04,7143,CT
5050613.05,7143,CT
5050620.01,7143,CT
5050620.03,7143,CT
5050620.04,7143,CT
5050630.01,7143,CT
5050630.02,7143,CT
5050631,7143,CT
5050700.04,7131,CT
5050710.01,7151,CT
5050710.02,7151,CT
5050711,7151,CT
5050712,7151,CT
5050800,7141,CT
5050810.01,7141,CT
5050810.02,7141,CT
5050811.01,7141,CT
5050811.02,7141,CT
5050820,7141,CT
5050821.01,7141,CT
5050821.02,7141,CT
5050822.03,7141,CT
5050822.05,7141,CT
5050822.06,7141,CT
5050840,7143,CT
5050841.03,7143,CT
5050841.04,7143,CT
24020035,11132,DA
24020036,11141,DA
24020037,11141,DA
24020038,11141,DA
24020039,11141,DA
24020040,11141,DA
24020069,11132,DA
24230337,3132,DA
24230338,3132,DA
24230339,3132,DA
24230349,3132,DA
24230350,3132,DA
24230493,3122,DA
24230494,3122,DA
24230495,3122,DA
24230558,3123,DA
24230561,3121,DA
24230562,3121,DA
24230563,3121,DA
24230564,3121,DA
24230566,3121,DA
24230567,3121,DA
24230568,3121,DA
24230569,3121,DA
24230570,3121,DA
24230644,3122,DA
24230645,3122,DA
24230646,3122,DA
24230647,3122,DA
24230648,3122,DA
24230649,3122,DA
24230650,3122,DA
24230651,3122,DA
24230652,3122,DA
24230661,3122,DA
24230662,3122,DA
24230663,3122,DA
24230665,3122,DA
24230666,3131,DA
24230667,3131,DA
24230690,3131,DA
24230721,3122,DA
24230726,3122,DA
24230727,3122,DA
24230728,3122,DA
24230729,3122,DA
24230730,3122,DA
24230743,3122,DA
24230744,3122,DA
24230745,3122,DA
24230746,3122,DA
24230768,3126,DA
24230783,3132,DA
24230784,3132,DA
24231034,3126,DA
24231080,3123,DA
24231081,3123,DA
24231108,3122,DA
24231111,3126,DA
24231112,3125,DA
24231113,3123,DA
24231115,3123,DA
24250250,12113,DA
24250260,12112,DA
24250261,12112,DA
24250263,12113,DA
24250264,12113,DA
24250316,12113,DA
24650036,13112,DA
24650037,13112,DA
24650040,13111,DA
24650041,13111,DA
24650060,13111,DA
24650153,13114,DA
24650154,13114,DA
24650155,13114,DA
24650156,13114,DA
24650158,13114,DA
24650159,13114,DA
24650160,13114,DA
24650161,13114,DA
24650162,13114,DA
24650163,13114,DA
24650256,13112,DA
24650258,13112,DA
24650485,13114,DA
24650486,13114,DA
24650487,13114,DA
24650488,13114,DA
24650489,13114,DA
24650490,13114,DA
24650600,13111,DA
24650640,13111,DA
24650641,13114,DA
24650642,13114,DA
24650643,13114,DA
24650644,13114,DA
24650645,13114,DA
24650653,13111,DA
24650654,13111,DA
24650655,13111,DA
24650676,13112,DA
24650677,13112,DA
24650678,13112,DA
24650679,13112,DA
24650680,13111,DA
24660660,6223,DA
24660661,6223,DA
24660662,6223,DA
24660666,6223,DA
24660667,6223,DA
24660668,6223,DA
24660669,6223,DA
24660670,6223,DA
24660671,6223,DA
24660672,6223,DA
24660673,6223,DA
24660676,6223,DA
24660677,6224,DA
24660678,6224,DA
24660679,6224,DA
24660680,6224,DA
24660681,6224,DA
24660682,6224,DA
24660683,6224,DA
24660684,6224,DA
24660685,6224,DA
24660686,6224,DA
24660687,6223,DA
24660688,6224,DA
24660689,6224,DA
24660690,6224,DA
24660691,6224,DA
24660692,6224,DA
24660693,6224,DA
24661319,6224,DA
24661320,6224,DA
24661332,6224,DA
24661333,6224,DA
24661334,6224,DA
24661468,6432,DA
24661469,6432,DA
24661470,6432,DA
24661471,6432,DA
24661472,6431,DA
24661473,6431,DA
24661474,6431,DA
24661475,6431,DA
24661476,6431,DA
24661640,6432,DA
24661641,6432,DA
24661651,6432,DA
24661652,6432,DA
24661653,6432,DA
24661777,6533,DA
24661778,6533,DA
24661967,6432,DA
24662050,6533,DA
24662051,6531,DA
24662101,6432,DA
24662513,6411,DA
24662515,6411,DA
24662516,6421,DA
24662543,6411,DA
24662544,6411,DA
24662545,6411,DA
24662562,6411,DA
24662563,6411,DA
24662565,6421,DA
24662566,6421,DA
24663273,6223,DA
24663275,6224,DA
24663297,6411,DA
24740029,15151,DA
24740056,15151,DA
24740059,15161,DA
24820055,7151,DA
24820056,7131,DA
24820057,7131,DA
24820058,7131,DA
24820059,7131,DA
24820060,7131,DA
24820061,7131,DA
24820072,7131,DA
24970085,9141,DA
24970086,9141,DA
24970087,9141,DA
24970088,9141,DA
24970089,9141,DA
24970092,9141,DA
24970093,9141,DA
24970094,9141,DA
24970095,9141,DA
24970096,9141,DA
24970097,9141,DA
24970101,9141,DA
24970102,9141,DA
24970103,9141,DA
24970104,9141,DA
24970105,9141,DA
24970106,9141,DA
24970107,9141,DA
24970108,9141,DA
24970109,9141,DA
24970110,9141,DA
24970111,9141,DA
24970112,9141,DA
24970113,9141,DA
24970114,9141,DA
24970115,9141,DA
24970116,9141,DA
24970117,9141,DA
24970118,9141,DA
24970119,9141,DA
24970120,9141,DA
24970121,9141,DA
24970122,9141,DA
24970123,9141,DA
24970124,9141,DA
24970125,9131,DA
24970126,9131,DA
24970141,9141,DA
24970144,9141,DA
24970147,9141,DA
24970149,9141,DA
24970152,9141,DA
24970153,9141,DA
24970154,9141,DA
24990190,10013,DA
24990233,18011,DA
24990234,18011,DA
